Date,Pound_Dollar_Exchange_Rate
27-09-2022,1.0803
26-09-2022,1.0696
24-09-2022,1.0859
23-09-2022,1.0845
22-09-2022,1.1252
21-09-2022,1.1267
20-09-2022,1.1374
19-09-2022,1.1439
17-09-2022,1.1415
16-09-2022,1.1421
15-09-2022,1.1462
14-09-2022,1.1547
13-09-2022,1.1493
12-09-2022,1.1684
10-09-2022,1.1601
09-09-2022,1.1597
08-09-2022,1.1512
07-09-2022,1.154
06-09-2022,1.1511
05-09-2022,1.1554
03-09-2022,1.151
02-09-2022,1.151
01-09-2022,1.1542
31-08-2022,1.1612
30-08-2022,1.1656
29-08-2022,1.1708
27-08-2022,1.1732
26-08-2022,1.1733
25-08-2022,1.1835
24-08-2022,1.1795
23-08-2022,1.1834
22-08-2022,1.1769
20-08-2022,1.1829
19-08-2022,1.183
18-08-2022,1.1929
17-08-2022,1.205
16-08-2022,1.2096
15-08-2022,1.2056
13-08-2022,1.2142
12-08-2022,1.2137
11-08-2022,1.22
10-08-2022,1.2219
09-08-2022,1.2075
08-08-2022,1.2079
06-08-2022,1.2073
05-08-2022,1.2073
04-08-2022,1.2159
03-08-2022,1.2141
02-08-2022,1.2163
01-08-2022,1.2258
30-07-2022,1.2175
29-07-2022,1.2176
28-07-2022,1.2171
27-07-2022,1.2151
26-07-2022,1.2038
25-07-2022,1.2049
23-07-2022,1.2005
22-07-2022,1.2007
21-07-2022,1.1994
20-07-2022,1.1978
19-07-2022,1.2007
18-07-2022,1.1949
16-07-2022,1.1855
15-07-2022,1.1855
14-07-2022,1.1827
13-07-2022,1.1884
12-07-2022,1.1874
11-07-2022,1.1881
09-07-2022,1.203
08-07-2022,1.2035
07-07-2022,1.2031
06-07-2022,1.1921
05-07-2022,1.1957
04-07-2022,1.2106
02-07-2022,1.2105
01-07-2022,1.2095
30-06-2022,1.2167
29-06-2022,1.2125
28-06-2022,1.2187
27-06-2022,1.2266
25-06-2022,1.2265
24-06-2022,1.2266
23-06-2022,1.2264
22-06-2022,1.2264
21-06-2022,1.2277
20-06-2022,1.2254
18-06-2022,1.2226
17-06-2022,1.222
16-06-2022,1.234
15-06-2022,1.2159
14-06-2022,1.2004
13-06-2022,1.2136
11-06-2022,1.2315
10-06-2022,1.2315
09-06-2022,1.249
08-06-2022,1.254
07-06-2022,1.2592
06-06-2022,1.253
04-06-2022,1.2491
03-06-2022,1.2491
02-06-2022,1.2576
01-06-2022,1.2485
31-05-2022,1.2609
30-05-2022,1.265
28-05-2022,1.2633
27-05-2022,1.2628
26-05-2022,1.2605
25-05-2022,1.2588
24-05-2022,1.2543
23-05-2022,1.2577
21-05-2022,1.2489
20-05-2022,1.2492
19-05-2022,1.2467
18-05-2022,1.2349
17-05-2022,1.2492
16-05-2022,1.232
14-05-2022,1.2265
13-05-2022,1.2262
12-05-2022,1.22
11-05-2022,1.2248
10-05-2022,1.2315
09-05-2022,1.2328
07-05-2022,1.234
06-05-2022,1.2342
05-05-2022,1.2369
04-05-2022,1.261
03-05-2022,1.2499
02-05-2022,1.2497
30-04-2022,1.2574
29-04-2022,1.2566
28-04-2022,1.2456
27-04-2022,1.2536
26-04-2022,1.2578
25-04-2022,1.274
23-04-2022,1.284
22-04-2022,1.2838
21-04-2022,1.3032
20-04-2022,1.3072
19-04-2022,1.3008
18-04-2022,1.3011
16-04-2022,1.306
15-04-2022,1.3059
14-04-2022,1.3075
13-04-2022,1.3119
12-04-2022,1.3002
11-04-2022,1.3027
09-04-2022,1.3018
08-04-2022,1.3018
07-04-2022,1.3069
06-04-2022,1.3069
05-04-2022,1.308
04-04-2022,1.3114
02-04-2022,1.3115
01-04-2022,1.3115
31-03-2022,1.3148
30-03-2022,1.3138
29-03-2022,1.3098
28-03-2022,1.3104
26-03-2022,1.319
25-03-2022,1.319
24-03-2022,1.3191
23-03-2022,1.3198
22-03-2022,1.3269
21-03-2022,1.3169
19-03-2022,1.3181
18-03-2022,1.3181
17-03-2022,1.3155
16-03-2022,1.313
15-03-2022,1.3046
14-03-2022,1.3009
12-03-2022,1.3041
11-03-2022,1.3029
10-03-2022,1.3085
09-03-2022,1.3181
08-03-2022,1.3099
07-03-2022,1.3107
05-03-2022,1.3228
04-03-2022,1.323
03-03-2022,1.3349
02-03-2022,1.3403
01-03-2022,1.3327
28-02-2022,1.3419
26-02-2022,1.3401
25-02-2022,1.3401
24-02-2022,1.338
23-02-2022,1.3547
22-02-2022,1.3586
21-02-2022,1.3601
19-02-2022,1.3594
18-02-2022,1.3594
17-02-2022,1.3615
16-02-2022,1.3583
15-02-2022,1.3544
14-02-2022,1.3531
12-02-2022,1.357
11-02-2022,1.3559
10-02-2022,1.3562
09-02-2022,1.3536
08-02-2022,1.3547
07-02-2022,1.3535
05-02-2022,1.3538
04-02-2022,1.3538
03-02-2022,1.3605
02-02-2022,1.3576
01-02-2022,1.3525
31-01-2022,1.3447
29-01-2022,1.3405
28-01-2022,1.34
27-01-2022,1.338
26-01-2022,1.3461
25-01-2022,1.3507
24-01-2022,1.3493
22-01-2022,1.3555
21-01-2022,1.3557
20-01-2022,1.36
19-01-2022,1.3613
18-01-2022,1.3598
17-01-2022,1.3647
15-01-2022,1.3676
14-01-2022,1.3676
13-01-2022,1.3709
12-01-2022,1.3707
11-01-2022,1.3633
10-01-2022,1.3577
08-01-2022,1.3595
07-01-2022,1.3595
06-01-2022,1.3534
05-01-2022,1.3553
04-01-2022,1.3527
03-01-2022,1.3474
01-01-2022,1.3532
31-12-2021,1.352
30-12-2021,1.3501
29-12-2021,1.3487
28-12-2021,1.3435
27-12-2021,1.3442
25-12-2021,1.3388
24-12-2021,1.3385
23-12-2021,1.3412
22-12-2021,1.335
21-12-2021,1.3265
20-12-2021,1.321
18-12-2021,1.3235
17-12-2021,1.3235
16-12-2021,1.3324
15-12-2021,1.3265
14-12-2021,1.323
13-12-2021,1.3214
11-12-2021,1.327
10-12-2021,1.3272
09-12-2021,1.3221
08-12-2021,1.3206
07-12-2021,1.3244
06-12-2021,1.3261
04-12-2021,1.3233
03-12-2021,1.3233
02-12-2021,1.3304
01-12-2021,1.3277
30-11-2021,1.3296
29-11-2021,1.3308
27-11-2021,1.3343
26-11-2021,1.3343
25-11-2021,1.3318
24-11-2021,1.3327
23-11-2021,1.3376
22-11-2021,1.3396
20-11-2021,1.3445
19-11-2021,1.3445
18-11-2021,1.3498
17-11-2021,1.3491
16-11-2021,1.3427
15-11-2021,1.3411
13-11-2021,1.3415
12-11-2021,1.3415
11-11-2021,1.3368
10-11-2021,1.341
09-11-2021,1.3556
08-11-2021,1.3566
06-11-2021,1.3498
05-11-2021,1.3503
04-11-2021,1.3503
03-11-2021,1.3692
02-11-2021,1.3615
01-11-2021,1.366
30-10-2021,1.3685
29-10-2021,1.3685
28-10-2021,1.3797
27-10-2021,1.3741
26-10-2021,1.3766
25-10-2021,1.3764
23-10-2021,1.376
22-10-2021,1.3758
21-10-2021,1.3794
20-10-2021,1.3825
19-10-2021,1.3795
18-10-2021,1.3731
16-10-2021,1.3745
15-10-2021,1.3747
14-10-2021,1.3676
13-10-2021,1.3666
12-10-2021,1.359
11-10-2021,1.3586
09-10-2021,1.3614
08-10-2021,1.3614
07-10-2021,1.3618
06-10-2021,1.3589
05-10-2021,1.3628
04-10-2021,1.361
02-10-2021,1.3545
01-10-2021,1.3545
30-09-2021,1.3482
29-09-2021,1.3429
28-09-2021,1.3539
27-09-2021,1.3701
25-09-2021,1.3685
24-09-2021,1.3676
23-09-2021,1.3723
22-09-2021,1.3623
21-09-2021,1.3662
20-09-2021,1.3665
18-09-2021,1.3741
17-09-2021,1.3735
16-09-2021,1.3797
15-09-2021,1.3853
14-09-2021,1.3805
13-09-2021,1.3839
11-09-2021,1.3835
10-09-2021,1.3835
09-09-2021,1.3837
08-09-2021,1.3774
07-09-2021,1.3786
06-09-2021,1.3836
04-09-2021,1.3865
03-09-2021,1.3858
02-09-2021,1.3837
01-09-2021,1.3772
31-08-2021,1.3755
30-08-2021,1.3758
28-08-2021,1.3765
27-08-2021,1.3762
26-08-2021,1.3703
25-08-2021,1.3766
24-08-2021,1.3728
23-08-2021,1.3722
21-08-2021,1.3625
20-08-2021,1.3625
19-08-2021,1.3634
18-08-2021,1.3757
17-08-2021,1.3743
16-08-2021,1.3842
14-08-2021,1.3865
13-08-2021,1.3865
12-08-2021,1.3812
11-08-2021,1.3868
10-08-2021,1.3839
09-08-2021,1.3848
07-08-2021,1.3875
06-08-2021,1.3875
05-08-2021,1.3929
04-08-2021,1.3886
03-08-2021,1.3916
02-08-2021,1.389
31-07-2021,1.3905
30-07-2021,1.3905
29-07-2021,1.3969
28-07-2021,1.3908
27-07-2021,1.3881
26-07-2021,1.3819
24-07-2021,1.3755
23-07-2021,1.3755
22-07-2021,1.3769
21-07-2021,1.3715
19-07-2021,1.367
17-07-2021,1.3775
16-07-2021,1.3765
15-07-2021,1.3832
14-07-2021,1.3857
13-07-2021,1.3813
12-07-2021,1.3886
10-07-2021,1.39
09-07-2021,1.39
08-07-2021,1.3787
07-07-2021,1.3805
06-07-2021,1.38
05-07-2021,1.3858
03-07-2021,1.3825
02-07-2021,1.3825
01-07-2021,1.3762
30-06-2021,1.3828
29-06-2021,1.3841
28-06-2021,1.388
26-06-2021,1.3885
25-06-2021,1.3885
24-06-2021,1.3922
23-06-2021,1.3967
22-06-2021,1.395
21-06-2021,1.3929
19-06-2021,1.3812
18-06-2021,1.3812
17-06-2021,1.3934
16-06-2021,1.3994
15-06-2021,1.4081
14-06-2021,1.4107
12-06-2021,1.4108
11-06-2021,1.4109
10-06-2021,1.4172
09-06-2021,1.4111
08-06-2021,1.4151
07-06-2021,1.4179
05-06-2021,1.4161
04-06-2021,1.4161
03-06-2021,1.4108
02-06-2021,1.4171
01-06-2021,1.4149
31-05-2021,1.4214
29-05-2021,1.419
28-05-2021,1.419
27-05-2021,1.4205
26-05-2021,1.4121
25-05-2021,1.4149
24-05-2021,1.4157
22-05-2021,1.4151
21-05-2021,1.4151
20-05-2021,1.4188
19-05-2021,1.411
18-05-2021,1.419
17-05-2021,1.4137
15-05-2021,1.41
14-05-2021,1.41
13-05-2021,1.4047
12-05-2021,1.4062
11-05-2021,1.414
10-05-2021,1.4127
08-05-2021,1.3985
07-05-2021,1.3985
06-05-2021,1.3893
05-05-2021,1.3907
04-05-2021,1.3894
03-05-2021,1.3903
01-05-2021,1.3817
30-04-2021,1.3817
29-04-2021,1.3944
28-04-2021,1.3952
27-04-2021,1.3904
26-04-2021,1.3896
24-04-2021,1.388
23-04-2021,1.388
22-04-2021,1.3838
21-04-2021,1.3927
20-04-2021,1.3939
19-04-2021,1.3988
17-04-2021,1.384
16-04-2021,1.3832
15-04-2021,1.3783
14-04-2021,1.3777
13-04-2021,1.3752
12-04-2021,1.3746
10-04-2021,1.3709
09-04-2021,1.3709
08-04-2021,1.3734
07-04-2021,1.3736
06-04-2021,1.3822
05-04-2021,1.3917
03-04-2021,1.383
02-04-2021,1.3831
01-04-2021,1.3834
31-03-2021,1.3783
30-03-2021,1.374
29-03-2021,1.3766
27-03-2021,1.3791
26-03-2021,1.3784
25-03-2021,1.3743
24-03-2021,1.3685
23-03-2021,1.3751
22-03-2021,1.3861
20-03-2021,1.387
19-03-2021,1.387
18-03-2021,1.3929
17-03-2021,1.3967
16-03-2021,1.3898
15-03-2021,1.3897
13-03-2021,1.392
12-03-2021,1.392
11-03-2021,1.3989
10-03-2021,1.3933
09-03-2021,1.3895
08-03-2021,1.3821
06-03-2021,1.384
05-03-2021,1.384
04-03-2021,1.3894
03-03-2021,1.3952
02-03-2021,1.3955
01-03-2021,1.3925
27-02-2021,1.3925
26-02-2021,1.3925
25-02-2021,1.4012
24-02-2021,1.4142
23-02-2021,1.4114
22-02-2021,1.4068
20-02-2021,1.4015
19-02-2021,1.4005
18-02-2021,1.397
17-02-2021,1.3861
16-02-2021,1.39
15-02-2021,1.3907
13-02-2021,1.3842
12-02-2021,1.3842
11-02-2021,1.3817
10-02-2021,1.3828
09-02-2021,1.3813
08-02-2021,1.374
06-02-2021,1.3737
05-02-2021,1.3737
04-02-2021,1.3668
03-02-2021,1.3644
02-02-2021,1.3665
01-02-2021,1.3667
30-01-2021,1.3713
29-01-2021,1.3713
28-01-2021,1.3729
27-01-2021,1.3692
26-01-2021,1.3735
25-01-2021,1.3676
23-01-2021,1.3682
22-01-2021,1.3682
21-01-2021,1.3732
20-01-2021,1.3655
19-01-2021,1.3634
18-01-2021,1.3584
16-01-2021,1.3589
15-01-2021,1.3589
14-01-2021,1.3689
13-01-2021,1.3642
12-01-2021,1.3661
11-01-2021,1.3512
09-01-2021,1.3566
08-01-2021,1.3566
07-01-2021,1.3564
06-01-2021,1.3614
05-01-2021,1.3622
04-01-2021,1.3576
02-01-2021,1.3673
01-01-2021,1.3673
31-12-2020,1.3688
30-12-2020,1.3619
29-12-2020,1.3502
28-12-2020,1.3452
26-12-2020,1.3381
25-12-2020,1.3381
24-12-2020,1.3568
23-12-2020,1.351
22-12-2020,1.3364
21-12-2020,1.3451
19-12-2020,1.3523
18-12-2020,1.3523
17-12-2020,1.3585
16-12-2020,1.3503
15-12-2020,1.3451
14-12-2020,1.3333
12-12-2020,1.3226
11-12-2020,1.3226
10-12-2020,1.3302
09-12-2020,1.3361
08-12-2020,1.336
07-12-2020,1.3372
05-12-2020,1.344
04-12-2020,1.3437
03-12-2020,1.3453
02-12-2020,1.3373
01-12-2020,1.3428
30-11-2020,1.3331
28-11-2020,1.3307
27-11-2020,1.3318
26-11-2020,1.3356
25-11-2020,1.3382
24-11-2020,1.3357
23-11-2020,1.3323
21-11-2020,1.3286
20-11-2020,1.3285
19-11-2020,1.3254
18-11-2020,1.3268
17-11-2020,1.3257
16-11-2020,1.3195
14-11-2020,1.3195
13-11-2020,1.32
12-11-2020,1.3117
11-11-2020,1.3223
10-11-2020,1.3269
09-11-2020,1.3161
07-11-2020,1.3158
06-11-2020,1.3158
05-11-2020,1.3145
04-11-2020,1.2958
03-11-2020,1.3069
02-11-2020,1.2916
31-10-2020,1.2945
30-10-2020,1.2948
29-10-2020,1.2927
28-10-2020,1.299
27-10-2020,1.3027
26-10-2020,1.3017
24-10-2020,1.3046
23-10-2020,1.3046
22-10-2020,1.3081
21-10-2020,1.3139
20-10-2020,1.295
19-10-2020,1.2946
17-10-2020,1.2915
16-10-2020,1.2915
15-10-2020,1.29
14-10-2020,1.3009
13-10-2020,1.2937
12-10-2020,1.3067
10-10-2020,1.3049
09-10-2020,1.3049
08-10-2020,1.2937
07-10-2020,1.2921
06-10-2020,1.2874
05-10-2020,1.2992
03-10-2020,1.2934
02-10-2020,1.2934
01-10-2020,1.2886
30-09-2020,1.2927
29-09-2020,1.2865
28-09-2020,1.2846
26-09-2020,1.2745
25-09-2020,1.2745
24-09-2020,1.2749
23-09-2020,1.2723
22-09-2020,1.2734
21-09-2020,1.2816
19-09-2020,1.2917
18-09-2020,1.2917
17-09-2020,1.2978
16-09-2020,1.2973
15-09-2020,1.289
14-09-2020,1.2851
12-09-2020,1.2795
11-09-2020,1.2795
10-09-2020,1.2819
09-09-2020,1.3007
08-09-2020,1.2963
07-09-2020,1.3166
05-09-2020,1.329
04-09-2020,1.3279
03-09-2020,1.3272
02-09-2020,1.3353
01-09-2020,1.3393
31-08-2020,1.3366
29-08-2020,1.3351
28-08-2020,1.3351
27-08-2020,1.3198
26-08-2020,1.3219
25-08-2020,1.3148
24-08-2020,1.3069
22-08-2020,1.309
21-08-2020,1.309
20-08-2020,1.3219
19-08-2020,1.3118
18-08-2020,1.3246
17-08-2020,1.3104
15-08-2020,1.3087
14-08-2020,1.3085
13-08-2020,1.3071
12-08-2020,1.3036
11-08-2020,1.306
10-08-2020,1.3075
08-08-2020,1.3044
07-08-2020,1.305
06-08-2020,1.3143
05-08-2020,1.3128
04-08-2020,1.3073
03-08-2020,1.3074
01-08-2020,1.3085
31-07-2020,1.3085
30-07-2020,1.3093
29-07-2020,1.2992
28-07-2020,1.293
27-07-2020,1.2891
25-07-2020,1.2792
24-07-2020,1.2797
23-07-2020,1.2742
22-07-2020,1.2734
21-07-2020,1.2732
20-07-2020,1.2659
18-07-2020,1.2566
17-07-2020,1.2566
16-07-2020,1.2554
15-07-2020,1.259
14-07-2020,1.2573
13-07-2020,1.2559
11-07-2020,1.2623
10-07-2020,1.2623
09-07-2020,1.2606
08-07-2020,1.261
07-07-2020,1.2542
06-07-2020,1.2492
04-07-2020,1.2484
03-07-2020,1.2484
02-07-2020,1.2471
01-07-2020,1.2478
30-06-2020,1.2393
29-06-2020,1.2311
27-06-2020,1.2339
26-06-2020,1.2339
25-06-2020,1.2421
24-06-2020,1.2415
23-06-2020,1.252
22-06-2020,1.249
20-06-2020,1.2349
19-06-2020,1.235
18-06-2020,1.2427
17-06-2020,1.256
16-06-2020,1.2564
15-06-2020,1.2625
13-06-2020,1.2545
12-06-2020,1.2545
11-06-2020,1.2585
10-06-2020,1.2742
09-06-2020,1.2731
08-06-2020,1.2736
06-06-2020,1.2666
05-06-2020,1.2667
04-06-2020,1.26
03-06-2020,1.2574
02-06-2020,1.2549
01-06-2020,1.2485
30-05-2020,1.2344
29-05-2020,1.2344
28-05-2020,1.232
27-05-2020,1.2263
26-05-2020,1.2333
25-05-2020,1.2189
23-05-2020,1.2166
22-05-2020,1.2166
21-05-2020,1.2225
20-05-2020,1.2238
19-05-2020,1.2249
18-05-2020,1.2201
16-05-2020,1.2104
15-05-2020,1.2104
14-05-2020,1.2226
13-05-2020,1.2231
12-05-2020,1.2264
11-05-2020,1.2337
09-05-2020,1.2406
08-05-2020,1.2406
07-05-2020,1.2369
06-05-2020,1.2336
05-05-2020,1.2445
04-05-2020,1.2443
02-05-2020,1.2502
01-05-2020,1.2502
30-04-2020,1.258
29-04-2020,1.2474
28-04-2020,1.2427
27-04-2020,1.2425
25-04-2020,1.2365
24-04-2020,1.2365
23-04-2020,1.2354
22-04-2020,1.2338
21-04-2020,1.2297
20-04-2020,1.2442
18-04-2020,1.251
17-04-2020,1.251
16-04-2020,1.2477
15-04-2020,1.2522
14-04-2020,1.2624
13-04-2020,1.2514
11-04-2020,1.2447
10-04-2020,1.2449
09-04-2020,1.2458
08-04-2020,1.2387
07-04-2020,1.2344
06-04-2020,1.2209
04-04-2020,1.227
03-04-2020,1.227
02-04-2020,1.2398
01-04-2020,1.2399
31-03-2020,1.2403
30-03-2020,1.2404
28-03-2020,1.2455
27-03-2020,1.2455
26-03-2020,1.2159
25-03-2020,1.1824
24-03-2020,1.1788
23-03-2020,1.1556
21-03-2020,1.165
20-03-2020,1.165
19-03-2020,1.1452
18-03-2020,1.164
17-03-2020,1.2079
16-03-2020,1.2267
14-03-2020,1.227
13-03-2020,1.227
12-03-2020,1.2574
11-03-2020,1.2814
10-03-2020,1.29
09-03-2020,1.3099
07-03-2020,1.305
06-03-2020,1.3048
05-03-2020,1.2952
04-03-2020,1.2867
03-03-2020,1.2815
02-03-2020,1.2755
29-02-2020,1.2822
28-02-2020,1.2817
27-02-2020,1.2893
26-02-2020,1.2905
25-02-2020,1.3002
24-02-2020,1.2925
22-02-2020,1.2955
21-02-2020,1.2961
20-02-2020,1.2882
19-02-2020,1.2921
18-02-2020,1.3001
17-02-2020,1.3002
15-02-2020,1.3047
14-02-2020,1.3047
13-02-2020,1.305
12-02-2020,1.2959
11-02-2020,1.2957
10-02-2020,1.2914
08-02-2020,1.2893
07-02-2020,1.2887
06-02-2020,1.2927
05-02-2020,1.2998
04-02-2020,1.3031
03-02-2020,1.2997
01-02-2020,1.3205
31-01-2020,1.3202
30-01-2020,1.3088
29-01-2020,1.3015
28-01-2020,1.3028
27-01-2020,1.3054
25-01-2020,1.3074
24-01-2020,1.3074
23-01-2020,1.3122
22-01-2020,1.314
21-01-2020,1.3046
20-01-2020,1.3007
18-01-2020,1.3016
17-01-2020,1.3008
16-01-2020,1.3077
15-01-2020,1.305
14-01-2020,1.3023
13-01-2020,1.299
11-01-2020,1.3065
10-01-2020,1.3065
09-01-2020,1.3067
08-01-2020,1.3101
07-01-2020,1.3118
06-01-2020,1.3178
04-01-2020,1.3088
03-01-2020,1.3081
02-01-2020,1.3142
01-01-2020,1.3254
31-12-2019,1.3262
30-12-2019,1.3122
28-12-2019,1.308
27-12-2019,1.308
26-12-2019,1.2999
25-12-2019,1.2974
24-12-2019,1.2933
23-12-2019,1.2942
21-12-2019,1.3005
20-12-2019,1.3005
19-12-2019,1.3007
18-12-2019,1.3083
17-12-2019,1.3134
16-12-2019,1.3274
14-12-2019,1.3325
13-12-2019,1.3332
12-12-2019,1.3447
11-12-2019,1.3197
10-12-2019,1.3123
09-12-2019,1.3139
07-12-2019,1.314
06-12-2019,1.314
05-12-2019,1.316
04-12-2019,1.3104
03-12-2019,1.2995
02-12-2019,1.2944
30-11-2019,1.2928
29-11-2019,1.2925
28-11-2019,1.291
27-11-2019,1.2948
26-11-2019,1.2862
25-11-2019,1.2902
23-11-2019,1.2835
22-11-2019,1.2835
21-11-2019,1.291
20-11-2019,1.2926
19-11-2019,1.2926
18-11-2019,1.2951
16-11-2019,1.2905
15-11-2019,1.2904
14-11-2019,1.2883
13-11-2019,1.2852
12-11-2019,1.2851
11-11-2019,1.2856
09-11-2019,1.2775
08-11-2019,1.2775
07-11-2019,1.2812
06-11-2019,1.2855
05-11-2019,1.2879
04-11-2019,1.2883
02-11-2019,1.2942
01-11-2019,1.2942
31-10-2019,1.2932
30-10-2019,1.2902
29-10-2019,1.2865
28-10-2019,1.2857
26-10-2019,1.2827
25-10-2019,1.2827
24-10-2019,1.2843
23-10-2019,1.2915
22-10-2019,1.2886
21-10-2019,1.2967
19-10-2019,1.2985
18-10-2019,1.2985
17-10-2019,1.288
16-10-2019,1.2819
15-10-2019,1.2762
14-10-2019,1.2605
12-10-2019,1.265
11-10-2019,1.265
10-10-2019,1.2435
09-10-2019,1.2215
08-10-2019,1.2225
07-10-2019,1.2287
05-10-2019,1.2333
04-10-2019,1.2333
03-10-2019,1.2337
02-10-2019,1.2299
01-10-2019,1.2287
30-09-2019,1.229
28-09-2019,1.229
27-09-2019,1.229
26-09-2019,1.2326
25-09-2019,1.2358
24-09-2019,1.2494
23-09-2019,1.2437
21-09-2019,1.247
20-09-2019,1.247
19-09-2019,1.2524
18-09-2019,1.2477
17-09-2019,1.2503
16-09-2019,1.2429
14-09-2019,1.2506
13-09-2019,1.2506
12-09-2019,1.2335
11-09-2019,1.2329
10-09-2019,1.2355
09-09-2019,1.2349
07-09-2019,1.2281
06-09-2019,1.2281
05-09-2019,1.2327
04-09-2019,1.2247
03-09-2019,1.2088
02-09-2019,1.2066
31-08-2019,1.2158
30-08-2019,1.2158
29-08-2019,1.2183
28-08-2019,1.2218
27-08-2019,1.2285
26-08-2019,1.2224
24-08-2019,1.2278
23-08-2019,1.2278
22-08-2019,1.2253
21-08-2019,1.213
20-08-2019,1.2166
19-08-2019,1.2126
17-08-2019,1.2151
16-08-2019,1.2151
15-08-2019,1.2093
14-08-2019,1.2061
13-08-2019,1.2058
12-08-2019,1.2079
10-08-2019,1.2037
09-08-2019,1.2037
08-08-2019,1.2142
07-08-2019,1.2146
06-08-2019,1.2166
05-08-2019,1.2154
03-08-2019,1.2159
02-08-2019,1.2159
01-08-2019,1.212
31-07-2019,1.216
30-07-2019,1.2162
29-07-2019,1.2226
27-07-2019,1.2381
26-07-2019,1.2381
25-07-2019,1.2454
24-07-2019,1.2485
23-07-2019,1.2438
22-07-2019,1.2477
20-07-2019,1.2501
19-07-2019,1.2501
18-07-2019,1.253
17-07-2019,1.2433
16-07-2019,1.241
15-07-2019,1.2518
13-07-2019,1.2572
12-07-2019,1.2572
11-07-2019,1.2528
10-07-2019,1.2509
09-07-2019,1.2461
08-07-2019,1.2518
06-07-2019,1.2522
05-07-2019,1.2522
04-07-2019,1.2582
03-07-2019,1.258
02-07-2019,1.2598
29-06-2019,1.2695
28-06-2019,1.2695
27-06-2019,1.267
26-06-2019,1.2694
25-06-2019,1.2687
24-06-2019,1.2737
22-06-2019,1.2742
21-06-2019,1.2742
20-06-2019,1.2706
19-06-2019,1.2652
18-06-2019,1.2558
17-06-2019,1.2541
15-06-2019,1.2589
14-06-2019,1.2589
13-06-2019,1.2682
12-06-2019,1.2692
11-06-2019,1.2722
10-06-2019,1.2688
08-06-2019,1.274
07-06-2019,1.274
06-06-2019,1.2698
05-06-2019,1.269
04-06-2019,1.2699
03-06-2019,1.2666
01-06-2019,1.2638
31-05-2019,1.2638
30-05-2019,1.2611
29-05-2019,1.2628
28-05-2019,1.2658
27-05-2019,1.2682
25-05-2019,1.2713
24-05-2019,1.2713
23-05-2019,1.2664
22-05-2019,1.2665
21-05-2019,1.2702
20-05-2019,1.2729
18-05-2019,1.2718
17-05-2019,1.2718
16-05-2019,1.2797
15-05-2019,1.2845
14-05-2019,1.291
13-05-2019,1.2952
11-05-2019,1.2996
10-05-2019,1.2996
09-05-2019,1.3009
08-05-2019,1.3014
07-05-2019,1.3071
06-05-2019,1.3094
04-05-2019,1.3173
03-05-2019,1.3173
02-05-2019,1.3032
01-05-2019,1.3058
30-04-2019,1.3032
29-04-2019,1.2931
27-04-2019,1.2917
26-04-2019,1.2917
25-04-2019,1.2898
24-04-2019,1.2908
23-04-2019,1.2935
22-04-2019,1.298
20-04-2019,1.2996
19-04-2019,1.2996
18-04-2019,1.2989
17-04-2019,1.304
16-04-2019,1.304
15-04-2019,1.3097
13-04-2019,1.3083
12-04-2019,1.3083
11-04-2019,1.3058
10-04-2019,1.3086
09-04-2019,1.3056
08-04-2019,1.3061
06-04-2019,1.3038
05-04-2019,1.3038
04-04-2019,1.3074
03-04-2019,1.3176
02-04-2019,1.3132
01-04-2019,1.3132
30-03-2019,1.3044
29-03-2019,1.3044
28-03-2019,1.3047
27-03-2019,1.3158
26-03-2019,1.3208
25-03-2019,1.3209
23-03-2019,1.3211
22-03-2019,1.3211
21-03-2019,1.3128
20-03-2019,1.3194
19-03-2019,1.3269
18-03-2019,1.3243
16-03-2019,1.3318
15-03-2019,1.3318
14-03-2019,1.3249
13-03-2019,1.3312
12-03-2019,1.3075
11-03-2019,1.3246
09-03-2019,1.3017
08-03-2019,1.3017
07-03-2019,1.3081
06-03-2019,1.3171
05-03-2019,1.3149
04-03-2019,1.3179
02-03-2019,1.3209
01-03-2019,1.3209
28-02-2019,1.3262
27-02-2019,1.331
26-02-2019,1.3255
25-02-2019,1.3118
23-02-2019,1.3053
22-02-2019,1.3053
21-02-2019,1.3037
20-02-2019,1.305
19-02-2019,1.306
18-02-2019,1.2923
16-02-2019,1.2896
15-02-2019,1.2896
14-02-2019,1.2801
13-02-2019,1.2849
12-02-2019,1.2893
11-02-2019,1.2859
09-02-2019,1.2944
08-02-2019,1.2944
07-02-2019,1.2953
06-02-2019,1.2938
05-02-2019,1.295
04-02-2019,1.3041
02-02-2019,1.3091
01-02-2019,1.3091
31-01-2019,1.3109
30-01-2019,1.3118
29-01-2019,1.3079
28-01-2019,1.3149
26-01-2019,1.3202
25-01-2019,1.3202
24-01-2019,1.3071
23-01-2019,1.3078
22-01-2019,1.2958
21-01-2019,1.2898
19-01-2019,1.2883
18-01-2019,1.2883
17-01-2019,1.2985
16-01-2019,1.2881
15-01-2019,1.2868
14-01-2019,1.2865
12-01-2019,1.2852
11-01-2019,1.2852
10-01-2019,1.2752
09-01-2019,1.2795
08-01-2019,1.2715
07-01-2019,1.2786
05-01-2019,1.273
04-01-2019,1.273
03-01-2019,1.2635
02-01-2019,1.2474
01-01-2019,1.2738
31-12-2018,1.2747
29-12-2018,1.2708
28-12-2018,1.2708
27-12-2018,1.2648
26-12-2018,1.2641
25-12-2018,1.2671
24-12-2018,1.2698
22-12-2018,1.2658
21-12-2018,1.2658
20-12-2018,1.266
19-12-2018,1.2619
18-12-2018,1.2648
17-12-2018,1.2614
15-12-2018,1.2588
14-12-2018,1.2588
13-12-2018,1.266
12-12-2018,1.2634
11-12-2018,1.2488
10-12-2018,1.2563
08-12-2018,1.2731
07-12-2018,1.2731
06-12-2018,1.2778
05-12-2018,1.2738
04-12-2018,1.2715
03-12-2018,1.2726
01-12-2018,1.2762
30-11-2018,1.2762
29-11-2018,1.2783
28-11-2018,1.2826
27-11-2018,1.274
26-11-2018,1.2812
24-11-2018,1.2822
23-11-2018,1.2822
22-11-2018,1.2879
21-11-2018,1.2772
20-11-2018,1.2789
19-11-2018,1.286
17-11-2018,1.284
16-11-2018,1.284
15-11-2018,1.2773
14-11-2018,1.2995
13-11-2018,1.3029
12-11-2018,1.2853
10-11-2018,1.2978
09-11-2018,1.2978
08-11-2018,1.3067
07-11-2018,1.313
06-11-2018,1.3093
05-11-2018,1.3062
03-11-2018,1.2982
02-11-2018,1.2982
01-11-2018,1.2999
31-10-2018,1.2773
30-10-2018,1.2706
29-10-2018,1.2801
27-10-2018,1.2833
26-10-2018,1.2833
25-10-2018,1.2821
24-10-2018,1.2887
23-10-2018,1.2985
22-10-2018,1.2967
20-10-2018,1.3072
19-10-2018,1.3072
18-10-2018,1.3022
17-10-2018,1.3105
16-10-2018,1.3187
15-10-2018,1.3153
13-10-2018,1.3154
12-10-2018,1.3154
11-10-2018,1.3238
10-10-2018,1.3205
09-10-2018,1.3144
08-10-2018,1.3092
06-10-2018,1.312
05-10-2018,1.312
04-10-2018,1.3025
03-10-2018,1.2949
02-10-2018,1.2982
01-10-2018,1.3043
29-09-2018,1.303
28-09-2018,1.303
27-09-2018,1.3077
26-09-2018,1.3174
25-09-2018,1.3179
24-09-2018,1.3117
22-09-2018,1.3073
21-09-2018,1.3073
20-09-2018,1.3271
19-09-2018,1.3139
18-09-2018,1.3167
17-09-2018,1.3152
15-09-2018,1.307
14-09-2018,1.307
13-09-2018,1.3112
12-09-2018,1.3045
11-09-2018,1.3015
10-09-2018,1.3026
09-09-2018,1.293
08-09-2018,1.2921
07-09-2018,1.2921
06-09-2018,1.2925
05-09-2018,1.2914
04-09-2018,1.2858
03-09-2018,1.2868
02-09-2018,1.2923
01-09-2018,1.2961
31-08-2018,1.2961
30-08-2018,1.301
29-08-2018,1.3035
28-08-2018,1.2867
27-08-2018,1.2896
26-08-2018,1.286
25-08-2018,1.2845
24-08-2018,1.2845
23-08-2018,1.2809
22-08-2018,1.2907
21-08-2018,1.2905
20-08-2018,1.2801
19-08-2018,1.2747
18-08-2018,1.2756
17-08-2018,1.2756
16-08-2018,1.2712
15-08-2018,1.2695
14-08-2018,1.2718
13-08-2018,1.2763
12-08-2018,1.276
11-08-2018,1.2769
10-08-2018,1.2769
09-08-2018,1.2829
08-08-2018,1.2878
07-08-2018,1.2947
06-08-2018,1.2943
05-08-2018,1.3003
04-08-2018,1.3001
03-08-2018,1.3001
02-08-2018,1.3018
01-08-2018,1.3126
31-07-2018,1.312
30-07-2018,1.3135
29-07-2018,1.3111
28-07-2018,1.3114
27-07-2018,1.3114
26-07-2018,1.3108
25-07-2018,1.32
24-07-2018,1.3151
23-07-2018,1.3103
22-07-2018,1.3123
21-07-2018,1.3123
20-07-2018,1.3123
19-07-2018,1.3025
18-07-2018,1.3078
17-07-2018,1.3105
16-07-2018,1.3236
15-07-2018,1.3227
14-07-2018,1.3235
13-07-2018,1.3235
12-07-2018,1.318
11-07-2018,1.3208
10-07-2018,1.3258
09-07-2018,1.3253
08-07-2018,1.3296
07-07-2018,1.3289
06-07-2018,1.3289
05-07-2018,1.3222
04-07-2018,1.3231
03-07-2018,1.3192
02-07-2018,1.3143
01-07-2018,1.3209
30-06-2018,1.3206
29-06-2018,1.3206
28-06-2018,1.3075
27-06-2018,1.312
26-06-2018,1.3221
25-06-2018,1.3279
24-06-2018,1.3263
23-06-2018,1.3265
22-06-2018,1.3265
21-06-2018,1.3248
20-06-2018,1.3173
19-06-2018,1.3175
18-06-2018,1.3259
17-06-2018,1.3275
16-06-2018,1.3286
15-06-2018,1.3286
14-06-2018,1.3256
13-06-2018,1.3383
12-06-2018,1.3374
11-06-2018,1.3373
10-06-2018,1.3414
09-06-2018,1.3404
08-06-2018,1.3404
07-06-2018,1.3418
06-06-2018,1.342
05-06-2018,1.3407
04-06-2018,1.3317
03-06-2018,1.3354
02-06-2018,1.3345
01-06-2018,1.3345
31-05-2018,1.329
30-05-2018,1.3285
29-05-2018,1.3255
28-05-2018,1.3313
27-05-2018,1.3309
26-05-2018,1.3299
25-05-2018,1.3299
24-05-2018,1.3383
23-05-2018,1.337
22-05-2018,1.344
21-05-2018,1.343
20-05-2018,1.3478
19-05-2018,1.3469
18-05-2018,1.3469
17-05-2018,1.3512
16-05-2018,1.3547
15-05-2018,1.3497
14-05-2018,1.3564
13-05-2018,1.3551
12-05-2018,1.3542
11-05-2018,1.3542
10-05-2018,1.3522
09-05-2018,1.3544
08-05-2018,1.3554
07-05-2018,1.3566
06-05-2018,1.3535
05-05-2018,1.3529
04-05-2018,1.3529
03-05-2018,1.3571
02-05-2018,1.3571
01-05-2018,1.361
30-04-2018,1.377
29-04-2018,1.3771
28-04-2018,1.3777
27-04-2018,1.3777
26-04-2018,1.3919
25-04-2018,1.3938
24-04-2018,1.3995
23-04-2018,1.3939
22-04-2018,1.4001
21-04-2018,1.4003
20-04-2018,1.4003
19-04-2018,1.4085
18-04-2018,1.4205
17-04-2018,1.4297
16-04-2018,1.4341
15-04-2018,1.4247
14-04-2018,1.4235
13-04-2018,1.4235
12-04-2018,1.4238
11-04-2018,1.4188
10-04-2018,1.4182
09-04-2018,1.4135
08-04-2018,1.4092
07-04-2018,1.409
06-04-2018,1.409
05-04-2018,1.4008
04-04-2018,1.4086
03-04-2018,1.4068
02-04-2018,1.4047
01-04-2018,1.4038
31-03-2018,1.4016
30-03-2018,1.4016
29-03-2018,1.4027
28-03-2018,1.408
27-03-2018,1.4178
26-03-2018,1.4238
25-03-2018,1.4147
24-03-2018,1.4131
23-03-2018,1.4131
22-03-2018,1.4114
21-03-2018,1.4145
20-03-2018,1.4005
19-03-2018,1.4024
18-03-2018,1.3943
17-03-2018,1.3934
16-03-2018,1.3934
15-03-2018,1.3937
14-03-2018,1.3971
13-03-2018,1.397
12-03-2018,1.3906
11-03-2018,1.3854
10-03-2018,1.3849
09-03-2018,1.3849
08-03-2018,1.3804
07-03-2018,1.3904
06-03-2018,1.3898
05-03-2018,1.385
04-03-2018,1.3795
03-03-2018,1.3803
02-03-2018,1.3803
01-03-2018,1.3773
28-02-2018,1.3751
27-02-2018,1.3906
26-02-2018,1.3966
25-02-2018,1.3968
24-02-2018,1.3971
23-02-2018,1.3971
22-02-2018,1.3956
21-02-2018,1.3918
20-02-2018,1.3996
19-02-2018,1.4
16-02-2018,1.4026
15-02-2018,1.4099
14-02-2018,1.3999
13-02-2018,1.3894
12-02-2018,1.3838
09-02-2018,1.3827
08-02-2018,1.3913
07-02-2018,1.3881
06-02-2018,1.3949
05-02-2018,1.3959
02-02-2018,1.4118
01-02-2018,1.4264
31-01-2018,1.4191
30-01-2018,1.4147
29-01-2018,1.4074
26-01-2018,1.416
25-01-2018,1.4142
24-01-2018,1.4242
23-01-2018,1.4
22-01-2018,1.3987
19-01-2018,1.3858
18-01-2018,1.3894
17-01-2018,1.3831
16-01-2018,1.3792
15-01-2018,1.3792
12-01-2018,1.3728
11-01-2018,1.3538
10-01-2018,1.3507
09-01-2018,1.354
08-01-2018,1.3568
05-01-2018,1.3571
04-01-2018,1.3551
03-01-2018,1.3516
02-01-2018,1.359
01-01-2018,1.3503
29-12-2017,1.3513
28-12-2017,1.3443
27-12-2017,1.34
26-12-2017,1.3374
25-12-2017,1.3371
22-12-2017,1.3363
21-12-2017,1.3386
20-12-2017,1.3376
19-12-2017,1.3385
18-12-2017,1.3383
15-12-2017,1.332
14-12-2017,1.3431
13-12-2017,1.342
12-12-2017,1.3318
11-12-2017,1.3341
08-12-2017,1.339
07-12-2017,1.3474
06-12-2017,1.3393
05-12-2017,1.3443
04-12-2017,1.348
01-12-2017,1.3477
30-11-2017,1.3525
29-11-2017,1.3409
28-11-2017,1.3339
27-11-2017,1.3318
24-11-2017,1.3337
23-11-2017,1.3309
22-11-2017,1.3325
21-11-2017,1.3239
20-11-2017,1.3235
17-11-2017,1.3215
16-11-2017,1.3195
15-11-2017,1.3171
14-11-2017,1.3165
13-11-2017,1.3116
10-11-2017,1.3196
09-11-2017,1.3145
08-11-2017,1.3116
07-11-2017,1.3166
06-11-2017,1.3171
03-11-2017,1.3077
02-11-2017,1.3059
01-11-2017,1.3245
31-10-2017,1.3283
30-10-2017,1.3208
27-10-2017,1.3128
26-10-2017,1.3161
25-10-2017,1.3262
24-10-2017,1.3134
23-10-2017,1.3198
20-10-2017,1.319
19-10-2017,1.3159
18-10-2017,1.3205
17-10-2017,1.319
16-10-2017,1.3251
13-10-2017,1.3285
12-10-2017,1.3262
11-10-2017,1.3223
10-10-2017,1.3203
09-10-2017,1.3142
06-10-2017,1.3066
05-10-2017,1.3119
04-10-2017,1.3248
03-10-2017,1.3237
02-10-2017,1.3276
29-09-2017,1.3398
28-09-2017,1.3442
27-09-2017,1.3387
26-09-2017,1.3458
25-09-2017,1.3466
22-09-2017,1.3504
21-09-2017,1.358
20-09-2017,1.3495
19-09-2017,1.3503
18-09-2017,1.3495
15-09-2017,1.3594
14-09-2017,1.3399
13-09-2017,1.3211
12-09-2017,1.3283
11-09-2017,1.3163
08-09-2017,1.32
07-09-2017,1.3101
06-09-2017,1.3043
05-09-2017,1.3033
04-09-2017,1.2931
01-09-2017,1.2951
31-08-2017,1.293
30-08-2017,1.2925
29-08-2017,1.2918
28-08-2017,1.2933
25-08-2017,1.2882
24-08-2017,1.2801
23-08-2017,1.28
22-08-2017,1.2824
21-08-2017,1.29
18-08-2017,1.287
17-08-2017,1.2868
16-08-2017,1.2891
15-08-2017,1.2869
14-08-2017,1.2964
11-08-2017,1.3014
10-08-2017,1.2977
09-08-2017,1.3004
08-08-2017,1.2992
07-08-2017,1.3035
04-08-2017,1.304
03-08-2017,1.3138
02-08-2017,1.3223
01-08-2017,1.3203
31-07-2017,1.3215
28-07-2017,1.3136
27-07-2017,1.3066
26-07-2017,1.3122
25-07-2017,1.3025
24-07-2017,1.3028
21-07-2017,1.2997
20-07-2017,1.2973
19-07-2017,1.3022
18-07-2017,1.304
17-07-2017,1.3055
14-07-2017,1.3098
13-07-2017,1.2939
12-07-2017,1.2885
11-07-2017,1.2848
10-07-2017,1.2881
07-07-2017,1.289
06-07-2017,1.2971
05-07-2017,1.2934
04-07-2017,1.292
03-07-2017,1.294
30-06-2017,1.3025
29-06-2017,1.3007
28-06-2017,1.2926
27-06-2017,1.2814
26-06-2017,1.2723
23-06-2017,1.2718
22-06-2017,1.2682
21-06-2017,1.2671
20-06-2017,1.2629
19-06-2017,1.2737
16-06-2017,1.2783
15-06-2017,1.2758
14-06-2017,1.2751
13-06-2017,1.2754
12-06-2017,1.2659
09-06-2017,1.2746
08-06-2017,1.2956
07-06-2017,1.296
06-06-2017,1.2911
05-06-2017,1.2904
02-06-2017,1.2888
01-06-2017,1.2882
31-05-2017,1.289
30-05-2017,1.2859
29-05-2017,1.284
26-05-2017,1.2804
25-05-2017,1.2942
24-05-2017,1.2972
23-05-2017,1.2961
22-05-2017,1.3
19-05-2017,1.3036
18-05-2017,1.2938
17-05-2017,1.297
16-05-2017,1.2917
15-05-2017,1.2896
12-05-2017,1.289
11-05-2017,1.2886
10-05-2017,1.2938
09-05-2017,1.2934
08-05-2017,1.294
05-05-2017,1.2982
04-05-2017,1.2923
03-05-2017,1.2867
02-05-2017,1.2939
01-05-2017,1.2886
28-04-2017,1.2951
27-04-2017,1.2904
26-04-2017,1.2848
25-04-2017,1.2842
24-04-2017,1.2796
21-04-2017,1.2817
20-04-2017,1.2813
19-04-2017,1.2777
18-04-2017,1.2841
17-04-2017,1.2565
14-04-2017,1.2523
13-04-2017,1.2503
12-04-2017,1.254
11-04-2017,1.2491
10-04-2017,1.2415
07-04-2017,1.2371
06-04-2017,1.247
05-04-2017,1.2483
04-04-2017,1.244
03-04-2017,1.2486
31-03-2017,1.255
30-03-2017,1.2468
29-03-2017,1.2434
28-03-2017,1.245
27-03-2017,1.2559
24-03-2017,1.2473
23-03-2017,1.2521
22-03-2017,1.2485
21-03-2017,1.2478
20-03-2017,1.2358
17-03-2017,1.2396
16-03-2017,1.236
15-03-2017,1.2291
14-03-2017,1.2153
13-03-2017,1.2219
10-03-2017,1.2167
09-03-2017,1.2165
08-03-2017,1.2168
07-03-2017,1.22
06-03-2017,1.2236
03-03-2017,1.2291
02-03-2017,1.2267
01-03-2017,1.2293
28-02-2017,1.238
27-02-2017,1.2442
24-02-2017,1.2462
23-02-2017,1.2556
22-02-2017,1.245
21-02-2017,1.2473
20-02-2017,1.2463
17-02-2017,1.2412
16-02-2017,1.2489
15-02-2017,1.2461
14-02-2017,1.2468
13-02-2017,1.2526
10-02-2017,1.2491
09-02-2017,1.2497
08-02-2017,1.2541
07-02-2017,1.2509
06-02-2017,1.2469
03-02-2017,1.2484
02-02-2017,1.2527
01-02-2017,1.2659
31-01-2017,1.2579
30-01-2017,1.2486
27-01-2017,1.2555
26-01-2017,1.2597
25-01-2017,1.2634
24-01-2017,1.252
23-01-2017,1.2535
20-01-2017,1.2375
19-01-2017,1.2342
18-01-2017,1.2261
17-01-2017,1.2414
16-01-2017,1.2047
13-01-2017,1.2182
12-01-2017,1.2162
11-01-2017,1.2213
10-01-2017,1.2177
09-01-2017,1.2163
06-01-2017,1.2287
05-01-2017,1.2419
04-01-2017,1.2323
03-01-2017,1.2237
02-01-2017,1.2278
30-12-2016,1.234
29-12-2016,1.2261
28-12-2016,1.2226
27-12-2016,1.2271
26-12-2016,1.2282
23-12-2016,1.2282
22-12-2016,1.2283
21-12-2016,1.2353
20-12-2016,1.2368
19-12-2016,1.2395
16-12-2016,1.2496
15-12-2016,1.2418
14-12-2016,1.2564
13-12-2016,1.2658
12-12-2016,1.2679
09-12-2016,1.2572
08-12-2016,1.2586
07-12-2016,1.2626
06-12-2016,1.2678
05-12-2016,1.2732
02-12-2016,1.2729
01-12-2016,1.2591
30-11-2016,1.2506
29-11-2016,1.2493
28-11-2016,1.2416
25-11-2016,1.2477
24-11-2016,1.2451
23-11-2016,1.2443
22-11-2016,1.2423
21-11-2016,1.2494
18-11-2016,1.2342
17-11-2016,1.2417
16-11-2016,1.2443
15-11-2016,1.2457
14-11-2016,1.249
11-11-2016,1.2596
10-11-2016,1.2555
09-11-2016,1.2406
08-11-2016,1.2379
07-11-2016,1.2396
04-11-2016,1.2517
03-11-2016,1.2461
02-11-2016,1.2304
01-11-2016,1.2243
31-10-2016,1.2242
28-10-2016,1.2185
27-10-2016,1.2164
26-10-2016,1.2247
25-10-2016,1.2188
24-10-2016,1.2238
21-10-2016,1.2234
20-10-2016,1.2254
19-10-2016,1.2285
18-10-2016,1.2298
17-10-2016,1.2183
14-10-2016,1.2191
13-10-2016,1.2254
12-10-2016,1.2204
11-10-2016,1.2123
10-10-2016,1.2362
07-10-2016,1.2434
06-10-2016,1.2616
05-10-2016,1.2749
04-10-2016,1.2728
03-10-2016,1.2842
30-09-2016,1.2972
29-09-2016,1.2968
28-09-2016,1.3019
27-09-2016,1.3023
26-09-2016,1.2975
23-09-2016,1.2966
22-09-2016,1.3078
21-09-2016,1.3032
20-09-2016,1.2988
19-09-2016,1.303
16-09-2016,1.3002
15-09-2016,1.3239
14-09-2016,1.3235
13-09-2016,1.3193
12-09-2016,1.3337
09-09-2016,1.3267
08-09-2016,1.3295
07-09-2016,1.3341
06-09-2016,1.344
05-09-2016,1.3304
02-09-2016,1.3294
01-09-2016,1.3268
31-08-2016,1.3138
30-08-2016,1.308
29-08-2016,1.3106
26-08-2016,1.3137
25-08-2016,1.3192
24-08-2016,1.3232
23-08-2016,1.3198
22-08-2016,1.3137
19-08-2016,1.3075
18-08-2016,1.3168
17-08-2016,1.3042
16-08-2016,1.3046
15-08-2016,1.288
12-08-2016,1.292
11-08-2016,1.2956
10-08-2016,1.301
09-08-2016,1.3003
08-08-2016,1.304
05-08-2016,1.3073
04-08-2016,1.3107
03-08-2016,1.3325
02-08-2016,1.3357
01-08-2016,1.3179
29-07-2016,1.323
28-07-2016,1.3164
27-07-2016,1.3223
26-07-2016,1.313
25-07-2016,1.314
22-07-2016,1.3109
21-07-2016,1.3233
20-07-2016,1.3208
19-07-2016,1.3111
18-07-2016,1.3255
15-07-2016,1.3192
14-07-2016,1.3343
13-07-2016,1.3147
12-07-2016,1.3247
11-07-2016,1.2998
08-07-2016,1.2954
07-07-2016,1.2908
06-07-2016,1.2931
05-07-2016,1.3022
04-07-2016,1.3287
01-07-2016,1.3267
30-06-2016,1.3311
29-06-2016,1.3429
28-06-2016,1.3344
27-06-2016,1.3225
24-06-2016,1.3679
23-06-2016,1.4877
22-06-2016,1.4707
21-06-2016,1.4652
20-06-2016,1.4698
17-06-2016,1.4358
16-06-2016,1.4203
15-06-2016,1.4204
14-06-2016,1.4114
13-06-2016,1.427
10-06-2016,1.4257
09-06-2016,1.4458
08-06-2016,1.4504
07-06-2016,1.4564
06-06-2016,1.445
03-06-2016,1.4521
02-06-2016,1.4419
01-06-2016,1.4395
31-05-2016,1.453
27-05-2016,1.4644
26-05-2016,1.4673
25-05-2016,1.4694
24-05-2016,1.4623
23-05-2016,1.4444
20-05-2016,1.4513
19-05-2016,1.4608
18-05-2016,1.4615
17-05-2016,1.4485
16-05-2016,1.4411
29-04-2016,1.46
28-04-2016,1.46
27-04-2016,1.46
26-04-2016,1.46
25-04-2016,1.45
22-04-2016,1.44
21-04-2016,1.43
20-04-2016,1.44
19-04-2016,1.44
18-04-2016,1.43
15-04-2016,1.42
14-04-2016,1.41
13-04-2016,1.42
12-04-2016,1.42
11-04-2016,1.42
08-04-2016,1.41
07-04-2016,1.41
06-04-2016,1.42
05-04-2016,1.41
04-04-2016,1.43
01-04-2016,1.42
31-03-2016,1.44
30-03-2016,1.44
29-03-2016,1.43
28-03-2016,1.43
25-03-2016,1.41
24-03-2016,1.41
23-03-2016,1.41
22-03-2016,1.42
21-03-2016,1.44
18-03-2016,1.45
17-03-2016,1.45
16-03-2016,1.41
15-03-2016,1.42
14-03-2016,1.43
11-03-2016,1.44
10-03-2016,1.43
09-03-2016,1.42
08-03-2016,1.42
07-03-2016,1.43
04-03-2016,1.42
03-03-2016,1.42
02-03-2016,1.41
01-03-2016,1.39
29-02-2016,1.39
26-02-2016,1.39
25-02-2016,1.39
24-02-2016,1.39
23-02-2016,1.4
22-02-2016,1.42
19-02-2016,1.43
18-02-2016,1.43
17-02-2016,1.43
16-02-2016,1.43
12-02-2016,1.45
11-02-2016,1.44
10-02-2016,1.45
09-02-2016,1.45
08-02-2016,1.44
05-02-2016,1.45
04-02-2016,1.46
03-02-2016,1.46
02-02-2016,1.44
01-02-2016,1.44
29-01-2016,1.42
28-01-2016,1.44
27-01-2016,1.43
26-01-2016,1.43
25-01-2016,1.42
22-01-2016,1.43
21-01-2016,1.42
20-01-2016,1.42
19-01-2016,1.42
15-01-2016,1.43
14-01-2016,1.44
13-01-2016,1.45
12-01-2016,1.44
11-01-2016,1.46
08-01-2016,1.45
07-01-2016,1.46
06-01-2016,1.46
05-01-2016,1.47
04-01-2016,1.47
31-12-2015,1.47
30-12-2015,1.48
29-12-2015,1.48
28-12-2015,1.49
24-12-2015,1.49
23-12-2015,1.49
22-12-2015,1.48
21-12-2015,1.49
18-12-2015,1.49
17-12-2015,1.49
16-12-2015,1.5
15-12-2015,1.5
14-12-2015,1.51
11-12-2015,1.52
10-12-2015,1.52
09-12-2015,1.52
08-12-2015,1.5
07-12-2015,1.51
04-12-2015,1.51
03-12-2015,1.51
02-12-2015,1.49
01-12-2015,1.51
30-11-2015,1.5
27-11-2015,1.5
25-11-2015,1.51
24-11-2015,1.51
23-11-2015,1.51
20-11-2015,1.52
19-11-2015,1.53
18-11-2015,1.52
17-11-2015,1.52
16-11-2015,1.52
13-11-2015,1.52
12-11-2015,1.52
10-11-2015,1.51
09-11-2015,1.51
06-11-2015,1.51
05-11-2015,1.52
04-11-2015,1.54
03-11-2015,1.54
02-11-2015,1.54
30-10-2015,1.54
29-10-2015,1.53
28-10-2015,1.53
27-10-2015,1.53
26-10-2015,1.54
23-10-2015,1.53
22-10-2015,1.54
21-10-2015,1.55
20-10-2015,1.55
19-10-2015,1.55
16-10-2015,1.54
15-10-2015,1.55
14-10-2015,1.54
13-10-2015,1.52
09-10-2015,1.53
08-10-2015,1.53
07-10-2015,1.53
06-10-2015,1.52
05-10-2015,1.52
02-10-2015,1.52
01-10-2015,1.52
30-09-2015,1.51
29-09-2015,1.52
28-09-2015,1.52
25-09-2015,1.52
24-09-2015,1.53
23-09-2015,1.52
22-09-2015,1.54
21-09-2015,1.55
18-09-2015,1.56
17-09-2015,1.55
16-09-2015,1.55
15-09-2015,1.54
14-09-2015,1.54
11-09-2015,1.54
10-09-2015,1.55
09-09-2015,1.54
08-09-2015,1.54
04-09-2015,1.52
03-09-2015,1.53
02-09-2015,1.53
01-09-2015,1.53
31-08-2015,1.54
28-08-2015,1.54
27-08-2015,1.54
26-08-2015,1.55
25-08-2015,1.57
24-08-2015,1.57
21-08-2015,1.57
20-08-2015,1.57
19-08-2015,1.56
18-08-2015,1.57
17-08-2015,1.56
14-08-2015,1.56
13-08-2015,1.56
12-08-2015,1.56
11-08-2015,1.56
10-08-2015,1.55
07-08-2015,1.55
06-08-2015,1.55
05-08-2015,1.56
04-08-2015,1.56
03-08-2015,1.56
31-07-2015,1.56
30-07-2015,1.56
29-07-2015,1.56
28-07-2015,1.56
27-07-2015,1.56
24-07-2015,1.55
23-07-2015,1.55
22-07-2015,1.56
21-07-2015,1.56
20-07-2015,1.56
17-07-2015,1.56
16-07-2015,1.56
15-07-2015,1.56
14-07-2015,1.56
13-07-2015,1.55
10-07-2015,1.55
09-07-2015,1.54
08-07-2015,1.54
07-07-2015,1.54
06-07-2015,1.56
02-07-2015,1.56
01-07-2015,1.56
30-06-2015,1.57
29-06-2015,1.58
26-06-2015,1.57
25-06-2015,1.57
24-06-2015,1.57
23-06-2015,1.58
22-06-2015,1.58
19-06-2015,1.59
18-06-2015,1.59
17-06-2015,1.57
16-06-2015,1.56
15-06-2015,1.56
12-06-2015,1.56
11-06-2015,1.55
10-06-2015,1.55
09-06-2015,1.54
08-06-2015,1.53
05-06-2015,1.53
04-06-2015,1.54
03-06-2015,1.54
02-06-2015,1.53
01-06-2015,1.52
29-05-2015,1.53
28-05-2015,1.53
27-05-2015,1.53
26-05-2015,1.54
22-05-2015,1.55
21-05-2015,1.57
20-05-2015,1.55
19-05-2015,1.55
18-05-2015,1.57
15-05-2015,1.58
14-05-2015,1.58
13-05-2015,1.57
12-05-2015,1.57
11-05-2015,1.56
08-05-2015,1.55
07-05-2015,1.52
06-05-2015,1.52
05-05-2015,1.52
04-05-2015,1.51
01-05-2015,1.51
30-04-2015,1.53
29-04-2015,1.55
28-04-2015,1.53
27-04-2015,1.52
24-04-2015,1.52
23-04-2015,1.5
22-04-2015,1.5
21-04-2015,1.49
20-04-2015,1.49
17-04-2015,1.49
16-04-2015,1.49
15-04-2015,1.48
14-04-2015,1.48
13-04-2015,1.47
10-04-2015,1.46
09-04-2015,1.47
08-04-2015,1.49
07-04-2015,1.49
06-04-2015,1.5
03-04-2015,1.49
02-04-2015,1.48
01-04-2015,1.48
31-03-2015,1.49
30-03-2015,1.48
27-03-2015,1.49
26-03-2015,1.48
25-03-2015,1.49
24-03-2015,1.49
23-03-2015,1.49
20-03-2015,1.49
19-03-2015,1.47
18-03-2015,1.47
17-03-2015,1.47
16-03-2015,1.48
13-03-2015,1.48
12-03-2015,1.49
11-03-2015,1.49
10-03-2015,1.51
09-03-2015,1.51
06-03-2015,1.51
05-03-2015,1.52
04-03-2015,1.53
03-03-2015,1.54
02-03-2015,1.54
27-02-2015,1.54
26-02-2015,1.54
25-02-2015,1.55
24-02-2015,1.54
23-02-2015,1.55
20-02-2015,1.54
19-02-2015,1.55
18-02-2015,1.54
17-02-2015,1.53
13-02-2015,1.54
12-02-2015,1.54
11-02-2015,1.52
10-02-2015,1.53
09-02-2015,1.52
06-02-2015,1.52
05-02-2015,1.53
04-02-2015,1.52
03-02-2015,1.51
02-02-2015,1.5
30-01-2015,1.5
29-01-2015,1.5
28-01-2015,1.52
27-01-2015,1.52
26-01-2015,1.51
23-01-2015,1.5
22-01-2015,1.51
21-01-2015,1.51
20-01-2015,1.52
16-01-2015,1.51
15-01-2015,1.52
14-01-2015,1.52
13-01-2015,1.52
12-01-2015,1.52
09-01-2015,1.52
08-01-2015,1.51
07-01-2015,1.51
06-01-2015,1.52
05-01-2015,1.52
02-01-2015,1.54
31-12-2014,1.56
30-12-2014,1.56
29-12-2014,1.55
24-12-2014,1.55
23-12-2014,1.55
22-12-2014,1.56
19-12-2014,1.56
18-12-2014,1.57
17-12-2014,1.57
16-12-2014,1.57
15-12-2014,1.57
12-12-2014,1.57
11-12-2014,1.57
10-12-2014,1.57
09-12-2014,1.57
08-12-2014,1.56
05-12-2014,1.56
04-12-2014,1.57
03-12-2014,1.57
02-12-2014,1.57
01-12-2014,1.57
28-11-2014,1.56
26-11-2014,1.58
25-11-2014,1.57
24-11-2014,1.57
21-11-2014,1.57
20-11-2014,1.57
19-11-2014,1.57
18-11-2014,1.56
17-11-2014,1.56
14-11-2014,1.57
13-11-2014,1.57
12-11-2014,1.58
10-11-2014,1.59
07-11-2014,1.58
06-11-2014,1.59
05-11-2014,1.6
04-11-2014,1.6
03-11-2014,1.6
31-10-2014,1.6
30-10-2014,1.6
29-10-2014,1.61
28-10-2014,1.62
27-10-2014,1.61
24-10-2014,1.61
23-10-2014,1.6
22-10-2014,1.61
21-10-2014,1.61
20-10-2014,1.61
17-10-2014,1.61
16-10-2014,1.61
15-10-2014,1.6
14-10-2014,1.59
10-10-2014,1.6
09-10-2014,1.61
08-10-2014,1.61
07-10-2014,1.61
06-10-2014,1.6
03-10-2014,1.6
02-10-2014,1.61
01-10-2014,1.62
30-09-2014,1.62
29-09-2014,1.63
26-09-2014,1.63
25-09-2014,1.63
24-09-2014,1.63
23-09-2014,1.64
22-09-2014,1.63
19-09-2014,1.63
18-09-2014,1.64
17-09-2014,1.63
16-09-2014,1.63
15-09-2014,1.62
12-09-2014,1.62
11-09-2014,1.62
10-09-2014,1.61
09-09-2014,1.61
08-09-2014,1.61
05-09-2014,1.63
04-09-2014,1.63
03-09-2014,1.65
02-09-2014,1.65
29-08-2014,1.66
28-08-2014,1.66
27-08-2014,1.66
26-08-2014,1.66
25-08-2014,1.66
22-08-2014,1.66
21-08-2014,1.66
20-08-2014,1.66
19-08-2014,1.66
18-08-2014,1.67
15-08-2014,1.67
14-08-2014,1.67
13-08-2014,1.67
12-08-2014,1.68
11-08-2014,1.68
08-08-2014,1.68
07-08-2014,1.68
06-08-2014,1.68
05-08-2014,1.69
04-08-2014,1.68
01-08-2014,1.68
31-07-2014,1.69
30-07-2014,1.69
29-07-2014,1.69
28-07-2014,1.7
25-07-2014,1.7
24-07-2014,1.7
23-07-2014,1.7
22-07-2014,1.71
21-07-2014,1.71
18-07-2014,1.71
17-07-2014,1.71
16-07-2014,1.71
15-07-2014,1.71
14-07-2014,1.71
11-07-2014,1.71
10-07-2014,1.71
09-07-2014,1.71
08-07-2014,1.71
07-07-2014,1.71
03-07-2014,1.72
02-07-2014,1.72
01-07-2014,1.71
30-06-2014,1.71
27-06-2014,1.7
26-06-2014,1.7
25-06-2014,1.7
24-06-2014,1.7
23-06-2014,1.7
20-06-2014,1.7
19-06-2014,1.7
18-06-2014,1.7
17-06-2014,1.7
16-06-2014,1.7
13-06-2014,1.7
12-06-2014,1.69
11-06-2014,1.68
10-06-2014,1.68
09-06-2014,1.68
06-06-2014,1.68
05-06-2014,1.68
04-06-2014,1.67
03-06-2014,1.68
02-06-2014,1.68
30-05-2014,1.68
29-05-2014,1.67
28-05-2014,1.67
27-05-2014,1.68
23-05-2014,1.68
22-05-2014,1.69
21-05-2014,1.69
20-05-2014,1.68
19-05-2014,1.68
16-05-2014,1.68
15-05-2014,1.68
14-05-2014,1.68
13-05-2014,1.68
12-05-2014,1.69
09-05-2014,1.68
08-05-2014,1.69
07-05-2014,1.7
06-05-2014,1.7
05-05-2014,1.69
02-05-2014,1.69
01-05-2014,1.69
30-04-2014,1.69
29-04-2014,1.68
28-04-2014,1.68
25-04-2014,1.68
24-04-2014,1.68
23-04-2014,1.68
22-04-2014,1.68
21-04-2014,1.68
18-04-2014,1.68
17-04-2014,1.68
16-04-2014,1.68
15-04-2014,1.67
14-04-2014,1.67
11-04-2014,1.67
10-04-2014,1.68
09-04-2014,1.68
08-04-2014,1.67
07-04-2014,1.66
04-04-2014,1.66
03-04-2014,1.66
02-04-2014,1.66
01-04-2014,1.66
31-03-2014,1.67
28-03-2014,1.66
27-03-2014,1.66
26-03-2014,1.66
25-03-2014,1.65
24-03-2014,1.65
21-03-2014,1.65
20-03-2014,1.65
19-03-2014,1.66
18-03-2014,1.66
17-03-2014,1.66
14-03-2014,1.66
13-03-2014,1.67
12-03-2014,1.66
11-03-2014,1.66
10-03-2014,1.66
07-03-2014,1.67
06-03-2014,1.67
05-03-2014,1.67
04-03-2014,1.67
03-03-2014,1.67
28-02-2014,1.68
27-02-2014,1.67
26-02-2014,1.66
25-02-2014,1.67
24-02-2014,1.66
21-02-2014,1.66
20-02-2014,1.66
19-02-2014,1.67
18-02-2014,1.67
14-02-2014,1.67
13-02-2014,1.66
12-02-2014,1.66
11-02-2014,1.65
10-02-2014,1.64
07-02-2014,1.64
06-02-2014,1.63
05-02-2014,1.63
04-02-2014,1.63
03-02-2014,1.63
31-01-2014,1.65
30-01-2014,1.65
29-01-2014,1.66
28-01-2014,1.66
27-01-2014,1.66
24-01-2014,1.65
23-01-2014,1.66
22-01-2014,1.66
21-01-2014,1.65
17-01-2014,1.64
16-01-2014,1.63
15-01-2014,1.64
14-01-2014,1.65
13-01-2014,1.64
10-01-2014,1.65
09-01-2014,1.65
08-01-2014,1.65
07-01-2014,1.64
06-01-2014,1.64
03-01-2014,1.64
02-01-2014,1.64
31-12-2013,1.66
30-12-2013,1.65
27-12-2013,1.65
26-12-2013,1.64
24-12-2013,1.64
23-12-2013,1.64
20-12-2013,1.64
19-12-2013,1.64
18-12-2013,1.64
17-12-2013,1.63
16-12-2013,1.63
13-12-2013,1.63
12-12-2013,1.63
11-12-2013,1.64
10-12-2013,1.64
09-12-2013,1.64
06-12-2013,1.63
05-12-2013,1.63
04-12-2013,1.64
03-12-2013,1.64
02-12-2013,1.64
29-11-2013,1.64
27-11-2013,1.63
26-11-2013,1.62
25-11-2013,1.61
22-11-2013,1.62
21-11-2013,1.62
20-11-2013,1.62
19-11-2013,1.61
18-11-2013,1.61
15-11-2013,1.61
14-11-2013,1.61
13-11-2013,1.6
12-11-2013,1.59
08-11-2013,1.6
07-11-2013,1.61
06-11-2013,1.61
05-11-2013,1.6
04-11-2013,1.6
01-11-2013,1.59
31-10-2013,1.61
30-10-2013,1.61
29-10-2013,1.61
28-10-2013,1.61
25-10-2013,1.62
24-10-2013,1.62
23-10-2013,1.62
22-10-2013,1.62
21-10-2013,1.61
18-10-2013,1.62
17-10-2013,1.62
16-10-2013,1.59
15-10-2013,1.6
11-10-2013,1.59
10-10-2013,1.6
09-10-2013,1.59
08-10-2013,1.61
07-10-2013,1.61
04-10-2013,1.61
03-10-2013,1.62
02-10-2013,1.62
01-10-2013,1.62
30-09-2013,1.62
27-09-2013,1.61
26-09-2013,1.6
25-09-2013,1.61
24-09-2013,1.6
23-09-2013,1.61
20-09-2013,1.6
19-09-2013,1.6
18-09-2013,1.6
17-09-2013,1.59
16-09-2013,1.59
13-09-2013,1.59
12-09-2013,1.58
11-09-2013,1.58
10-09-2013,1.57
09-09-2013,1.57
06-09-2013,1.56
05-09-2013,1.56
04-09-2013,1.56
03-09-2013,1.55
30-08-2013,1.55
29-08-2013,1.55
28-08-2013,1.55
27-08-2013,1.55
26-08-2013,1.56
23-08-2013,1.56
22-08-2013,1.56
21-08-2013,1.57
20-08-2013,1.57
19-08-2013,1.57
16-08-2013,1.56
15-08-2013,1.56
14-08-2013,1.55
13-08-2013,1.55
12-08-2013,1.55
09-08-2013,1.55
08-08-2013,1.56
07-08-2013,1.55
06-08-2013,1.54
05-08-2013,1.53
02-08-2013,1.53
01-08-2013,1.51
31-07-2013,1.52
30-07-2013,1.52
29-07-2013,1.54
26-07-2013,1.54
25-07-2013,1.53
24-07-2013,1.54
23-07-2013,1.54
22-07-2013,1.54
19-07-2013,1.53
18-07-2013,1.52
17-07-2013,1.52
16-07-2013,1.51
15-07-2013,1.51
12-07-2013,1.51
11-07-2013,1.51
10-07-2013,1.49
09-07-2013,1.48
08-07-2013,1.49
05-07-2013,1.49
03-07-2013,1.53
02-07-2013,1.52
01-07-2013,1.52
28-06-2013,1.52
27-06-2013,1.52
26-06-2013,1.53
25-06-2013,1.54
24-06-2013,1.54
21-06-2013,1.54
20-06-2013,1.55
19-06-2013,1.57
18-06-2013,1.56
17-06-2013,1.57
14-06-2013,1.57
13-06-2013,1.57
12-06-2013,1.57
11-06-2013,1.56
10-06-2013,1.56
07-06-2013,1.56
06-06-2013,1.56
05-06-2013,1.54
04-06-2013,1.53
03-06-2013,1.53
31-05-2013,1.52
30-05-2013,1.52
29-05-2013,1.51
28-05-2013,1.51
24-05-2013,1.51
23-05-2013,1.51
22-05-2013,1.5
21-05-2013,1.52
20-05-2013,1.52
17-05-2013,1.52
16-05-2013,1.53
15-05-2013,1.52
14-05-2013,1.53
13-05-2013,1.53
10-05-2013,1.53
09-05-2013,1.55
08-05-2013,1.56
07-05-2013,1.55
06-05-2013,1.55
03-05-2013,1.56
02-05-2013,1.55
01-05-2013,1.56
30-04-2013,1.55
29-04-2013,1.55
26-04-2013,1.55
25-04-2013,1.54
24-04-2013,1.53
23-04-2013,1.53
22-04-2013,1.53
19-04-2013,1.53
18-04-2013,1.53
17-04-2013,1.53
16-04-2013,1.53
15-04-2013,1.53
12-04-2013,1.54
11-04-2013,1.54
10-04-2013,1.53
09-04-2013,1.53
08-04-2013,1.53
05-04-2013,1.53
04-04-2013,1.52
03-04-2013,1.51
02-04-2013,1.51
01-04-2013,1.52
29-03-2013,1.52
28-03-2013,1.52
27-03-2013,1.51
26-03-2013,1.52
25-03-2013,1.52
22-03-2013,1.52
21-03-2013,1.52
20-03-2013,1.51
19-03-2013,1.51
18-03-2013,1.51
15-03-2013,1.51
14-03-2013,1.5
13-03-2013,1.49
12-03-2013,1.49
11-03-2013,1.49
08-03-2013,1.49
07-03-2013,1.5
06-03-2013,1.5
05-03-2013,1.51
04-03-2013,1.51
01-03-2013,1.5
28-02-2013,1.52
27-02-2013,1.51
26-02-2013,1.51
25-02-2013,1.51
22-02-2013,1.53
21-02-2013,1.53
20-02-2013,1.53
19-02-2013,1.54
15-02-2013,1.55
14-02-2013,1.55
13-02-2013,1.55
12-02-2013,1.57
11-02-2013,1.57
08-02-2013,1.58
07-02-2013,1.57
06-02-2013,1.57
05-02-2013,1.57
04-02-2013,1.57
01-02-2013,1.57
31-01-2013,1.59
30-01-2013,1.58
29-01-2013,1.58
28-01-2013,1.57
25-01-2013,1.58
24-01-2013,1.58
23-01-2013,1.58
22-01-2013,1.59
18-01-2013,1.59
17-01-2013,1.6
16-01-2013,1.6
15-01-2013,1.61
14-01-2013,1.61
11-01-2013,1.61
10-01-2013,1.61
09-01-2013,1.6
08-01-2013,1.6
07-01-2013,1.61
04-01-2013,1.6
03-01-2013,1.62
02-01-2013,1.63
31-12-2012,1.63
28-12-2012,1.62
27-12-2012,1.61
26-12-2012,1.61
24-12-2012,1.61
21-12-2012,1.62
20-12-2012,1.63
19-12-2012,1.63
18-12-2012,1.63
17-12-2012,1.62
14-12-2012,1.61
13-12-2012,1.61
12-12-2012,1.61
11-12-2012,1.61
10-12-2012,1.61
07-12-2012,1.6
06-12-2012,1.61
05-12-2012,1.61
04-12-2012,1.61
03-12-2012,1.61
30-11-2012,1.6
29-11-2012,1.6
28-11-2012,1.6
27-11-2012,1.6
26-11-2012,1.6
23-11-2012,1.6
21-11-2012,1.59
20-11-2012,1.59
19-11-2012,1.59
16-11-2012,1.59
15-11-2012,1.59
14-11-2012,1.58
13-11-2012,1.59
09-11-2012,1.59
08-11-2012,1.6
07-11-2012,1.6
06-11-2012,1.6
05-11-2012,1.6
02-11-2012,1.6
01-11-2012,1.61
31-10-2012,1.61
30-10-2012,1.61
29-10-2012,1.6
26-10-2012,1.61
25-10-2012,1.61
24-10-2012,1.6
23-10-2012,1.59
22-10-2012,1.6
19-10-2012,1.6
18-10-2012,1.61
17-10-2012,1.62
16-10-2012,1.61
15-10-2012,1.61
12-10-2012,1.61
11-10-2012,1.6
10-10-2012,1.6
09-10-2012,1.6
05-10-2012,1.62
04-10-2012,1.62
03-10-2012,1.61
02-10-2012,1.62
01-10-2012,1.61
28-09-2012,1.61
27-09-2012,1.62
26-09-2012,1.61
25-09-2012,1.62
24-09-2012,1.62
21-09-2012,1.63
20-09-2012,1.62
19-09-2012,1.62
18-09-2012,1.63
17-09-2012,1.63
14-09-2012,1.62
13-09-2012,1.61
12-09-2012,1.61
11-09-2012,1.61
10-09-2012,1.6
07-09-2012,1.6
06-09-2012,1.59
05-09-2012,1.59
04-09-2012,1.59
31-08-2012,1.59
30-08-2012,1.58
29-08-2012,1.58
28-08-2012,1.58
27-08-2012,1.58
24-08-2012,1.58
23-08-2012,1.59
22-08-2012,1.58
21-08-2012,1.58
20-08-2012,1.57
17-08-2012,1.57
16-08-2012,1.57
15-08-2012,1.57
14-08-2012,1.57
13-08-2012,1.57
10-08-2012,1.57
09-08-2012,1.56
08-08-2012,1.57
07-08-2012,1.57
06-08-2012,1.56
03-08-2012,1.57
02-08-2012,1.55
01-08-2012,1.56
31-07-2012,1.57
30-07-2012,1.57
27-07-2012,1.57
26-07-2012,1.57
25-07-2012,1.55
24-07-2012,1.55
23-07-2012,1.55
20-07-2012,1.56
19-07-2012,1.57
18-07-2012,1.56
17-07-2012,1.56
16-07-2012,1.56
13-07-2012,1.56
12-07-2012,1.54
11-07-2012,1.55
10-07-2012,1.55
09-07-2012,1.55
06-07-2012,1.55
05-07-2012,1.55
03-07-2012,1.57
02-07-2012,1.57
29-06-2012,1.57
28-06-2012,1.55
27-06-2012,1.55
26-06-2012,1.56
25-06-2012,1.56
22-06-2012,1.56
21-06-2012,1.56
20-06-2012,1.58
19-06-2012,1.57
18-06-2012,1.57
15-06-2012,1.57
14-06-2012,1.55
13-06-2012,1.56
12-06-2012,1.56
11-06-2012,1.55
08-06-2012,1.54
07-06-2012,1.56
06-06-2012,1.55
05-06-2012,1.54
04-06-2012,1.54
01-06-2012,1.54
31-05-2012,1.54
30-05-2012,1.55
29-05-2012,1.56
25-05-2012,1.56
24-05-2012,1.57
23-05-2012,1.57
22-05-2012,1.58
21-05-2012,1.58
18-05-2012,1.58
17-05-2012,1.58
16-05-2012,1.59
15-05-2012,1.6
14-05-2012,1.61
11-05-2012,1.61
10-05-2012,1.62
09-05-2012,1.61
08-05-2012,1.62
07-05-2012,1.62
04-05-2012,1.61
03-05-2012,1.62
02-05-2012,1.62
01-05-2012,1.62
30-04-2012,1.62
27-04-2012,1.62
26-04-2012,1.62
25-04-2012,1.61
24-04-2012,1.61
23-04-2012,1.61
20-04-2012,1.61
19-04-2012,1.61
18-04-2012,1.6
17-04-2012,1.59
16-04-2012,1.59
13-04-2012,1.59
12-04-2012,1.59
11-04-2012,1.59
10-04-2012,1.58
09-04-2012,1.59
06-04-2012,1.59
05-04-2012,1.58
04-04-2012,1.59
03-04-2012,1.6
02-04-2012,1.6
30-03-2012,1.6
29-03-2012,1.59
28-03-2012,1.59
27-03-2012,1.6
26-03-2012,1.59
23-03-2012,1.59
22-03-2012,1.58
21-03-2012,1.58
20-03-2012,1.59
19-03-2012,1.59
16-03-2012,1.58
15-03-2012,1.57
14-03-2012,1.57
13-03-2012,1.57
12-03-2012,1.56
09-03-2012,1.57
08-03-2012,1.58
07-03-2012,1.57
06-03-2012,1.57
05-03-2012,1.59
02-03-2012,1.59
01-03-2012,1.6
29-02-2012,1.6
28-02-2012,1.59
27-02-2012,1.58
24-02-2012,1.59
23-02-2012,1.57
22-02-2012,1.57
21-02-2012,1.58
17-02-2012,1.58
16-02-2012,1.58
15-02-2012,1.57
14-02-2012,1.57
13-02-2012,1.58
10-02-2012,1.57
09-02-2012,1.58
08-02-2012,1.58
07-02-2012,1.59
06-02-2012,1.58
03-02-2012,1.58
02-02-2012,1.58
01-02-2012,1.58
31-01-2012,1.58
30-01-2012,1.57
27-01-2012,1.57
26-01-2012,1.57
25-01-2012,1.56
24-01-2012,1.56
23-01-2012,1.56
20-01-2012,1.55
19-01-2012,1.55
18-01-2012,1.54
17-01-2012,1.54
13-01-2012,1.53
12-01-2012,1.53
11-01-2012,1.53
10-01-2012,1.55
09-01-2012,1.54
06-01-2012,1.54
05-01-2012,1.55
04-01-2012,1.56
03-01-2012,1.57
30-12-2011,1.55
29-12-2011,1.54
28-12-2011,1.55
27-12-2011,1.57
23-12-2011,1.56
22-12-2011,1.57
21-12-2011,1.57
20-12-2011,1.57
19-12-2011,1.55
16-12-2011,1.55
15-12-2011,1.55
14-12-2011,1.54
13-12-2011,1.55
12-12-2011,1.56
09-12-2011,1.56
08-12-2011,1.56
07-12-2011,1.57
06-12-2011,1.56
05-12-2011,1.57
02-12-2011,1.56
01-12-2011,1.57
30-11-2011,1.57
29-11-2011,1.56
28-11-2011,1.55
25-11-2011,1.55
23-11-2011,1.55
22-11-2011,1.56
21-11-2011,1.57
18-11-2011,1.58
17-11-2011,1.58
16-11-2011,1.58
15-11-2011,1.58
14-11-2011,1.59
10-11-2011,1.59
09-11-2011,1.6
08-11-2011,1.61
07-11-2011,1.6
04-11-2011,1.6
03-11-2011,1.6
02-11-2011,1.6
01-11-2011,1.59
31-10-2011,1.61
28-10-2011,1.61
27-10-2011,1.61
26-10-2011,1.59
25-10-2011,1.6
24-10-2011,1.6
21-10-2011,1.59
20-10-2011,1.57
19-10-2011,1.58
18-10-2011,1.57
17-10-2011,1.58
14-10-2011,1.58
13-10-2011,1.57
12-10-2011,1.58
11-10-2011,1.56
07-10-2011,1.56
06-10-2011,1.54
05-10-2011,1.54
04-10-2011,1.54
03-10-2011,1.55
30-09-2011,1.56
29-09-2011,1.57
28-09-2011,1.56
27-09-2011,1.57
26-09-2011,1.56
23-09-2011,1.55
22-09-2011,1.54
21-09-2011,1.56
20-09-2011,1.57
19-09-2011,1.57
16-09-2011,1.58
15-09-2011,1.58
14-09-2011,1.58
13-09-2011,1.58
12-09-2011,1.58
09-09-2011,1.59
08-09-2011,1.6
07-09-2011,1.59
06-09-2011,1.6
02-09-2011,1.62
01-09-2011,1.62
31-08-2011,1.63
30-08-2011,1.63
29-08-2011,1.64
26-08-2011,1.63
25-08-2011,1.63
24-08-2011,1.64
23-08-2011,1.65
22-08-2011,1.65
19-08-2011,1.65
18-08-2011,1.65
17-08-2011,1.66
16-08-2011,1.64
15-08-2011,1.64
12-08-2011,1.63
11-08-2011,1.62
10-08-2011,1.62
09-08-2011,1.62
08-08-2011,1.64
05-08-2011,1.64
04-08-2011,1.63
03-08-2011,1.64
02-08-2011,1.63
01-08-2011,1.63
29-07-2011,1.65
28-07-2011,1.63
27-07-2011,1.64
26-07-2011,1.64
25-07-2011,1.63
22-07-2011,1.63
21-07-2011,1.63
20-07-2011,1.61
19-07-2011,1.61
18-07-2011,1.6
15-07-2011,1.61
14-07-2011,1.61
13-07-2011,1.61
12-07-2011,1.59
11-07-2011,1.59
08-07-2011,1.6
07-07-2011,1.6
06-07-2011,1.6
05-07-2011,1.61
01-07-2011,1.61
30-06-2011,1.61
29-06-2011,1.61
28-06-2011,1.6
27-06-2011,1.6
24-06-2011,1.6
23-06-2011,1.6
22-06-2011,1.61
21-06-2011,1.62
20-06-2011,1.62
17-06-2011,1.62
16-06-2011,1.61
15-06-2011,1.62
14-06-2011,1.64
13-06-2011,1.63
10-06-2011,1.63
09-06-2011,1.64
08-06-2011,1.64
07-06-2011,1.64
06-06-2011,1.64
03-06-2011,1.64
02-06-2011,1.63
01-06-2011,1.64
31-05-2011,1.64
27-05-2011,1.65
26-05-2011,1.63
25-05-2011,1.63
24-05-2011,1.62
23-05-2011,1.61
20-05-2011,1.62
19-05-2011,1.62
18-05-2011,1.61
17-05-2011,1.62
16-05-2011,1.62
13-05-2011,1.62
12-05-2011,1.63
11-05-2011,1.64
10-05-2011,1.63
09-05-2011,1.63
06-05-2011,1.64
05-05-2011,1.64
04-05-2011,1.65
03-05-2011,1.65
02-05-2011,1.67
29-04-2011,1.67
28-04-2011,1.66
27-04-2011,1.65
26-04-2011,1.65
25-04-2011,1.65
22-04-2011,1.65
21-04-2011,1.66
20-04-2011,1.64
19-04-2011,1.63
18-04-2011,1.62
15-04-2011,1.63
14-04-2011,1.64
13-04-2011,1.63
12-04-2011,1.63
11-04-2011,1.64
08-04-2011,1.63
07-04-2011,1.63
06-04-2011,1.63
05-04-2011,1.63
04-04-2011,1.61
01-04-2011,1.61
31-03-2011,1.6
30-03-2011,1.6
29-03-2011,1.6
28-03-2011,1.6
25-03-2011,1.61
24-03-2011,1.62
23-03-2011,1.62
22-03-2011,1.64
21-03-2011,1.63
18-03-2011,1.62
17-03-2011,1.61
16-03-2011,1.6
15-03-2011,1.61
14-03-2011,1.62
11-03-2011,1.6
10-03-2011,1.61
09-03-2011,1.62
08-03-2011,1.62
07-03-2011,1.62
04-03-2011,1.63
03-03-2011,1.63
02-03-2011,1.63
01-03-2011,1.63
28-02-2011,1.62
25-02-2011,1.61
24-02-2011,1.61
23-02-2011,1.62
22-02-2011,1.61
18-02-2011,1.62
17-02-2011,1.62
16-02-2011,1.61
15-02-2011,1.61
14-02-2011,1.6
11-02-2011,1.6
10-02-2011,1.61
09-02-2011,1.61
08-02-2011,1.61
07-02-2011,1.61
04-02-2011,1.61
03-02-2011,1.62
02-02-2011,1.62
01-02-2011,1.61
31-01-2011,1.6
28-01-2011,1.58
27-01-2011,1.59
26-01-2011,1.59
25-01-2011,1.58
24-01-2011,1.6
21-01-2011,1.6
20-01-2011,1.59
19-01-2011,1.6
18-01-2011,1.6
14-01-2011,1.59
13-01-2011,1.59
12-01-2011,1.57
11-01-2011,1.56
10-01-2011,1.56
07-01-2011,1.56
06-01-2011,1.55
05-01-2011,1.55
04-01-2011,1.56
03-01-2011,1.55
30-12-2010,1.54
29-12-2010,1.55
28-12-2010,1.54
27-12-2010,1.54
23-12-2010,1.54
22-12-2010,1.54
21-12-2010,1.55
20-12-2010,1.55
17-12-2010,1.55
16-12-2010,1.56
15-12-2010,1.56
14-12-2010,1.58
13-12-2010,1.59
10-12-2010,1.58
09-12-2010,1.57
08-12-2010,1.58
07-12-2010,1.58
06-12-2010,1.57
03-12-2010,1.57
02-12-2010,1.56
01-12-2010,1.56
30-11-2010,1.56
29-11-2010,1.56
26-11-2010,1.56
24-11-2010,1.58
23-11-2010,1.58
22-11-2010,1.59
19-11-2010,1.6
18-11-2010,1.6
17-11-2010,1.59
16-11-2010,1.59
15-11-2010,1.61
12-11-2010,1.62
10-11-2010,1.61
09-11-2010,1.61
08-11-2010,1.62
05-11-2010,1.62
04-11-2010,1.63
03-11-2010,1.61
02-11-2010,1.6
01-11-2010,1.61
29-10-2010,1.6
28-10-2010,1.59
27-10-2010,1.58
26-10-2010,1.59
25-10-2010,1.57
22-10-2010,1.57
21-10-2010,1.58
20-10-2010,1.59
19-10-2010,1.57
18-10-2010,1.59
15-10-2010,1.6
14-10-2010,1.6
13-10-2010,1.58
12-10-2010,1.58
08-10-2010,1.6
07-10-2010,1.59
06-10-2010,1.59
05-10-2010,1.59
04-10-2010,1.58
01-10-2010,1.58
30-09-2010,1.57
29-09-2010,1.58
28-09-2010,1.58
27-09-2010,1.59
24-09-2010,1.58
23-09-2010,1.57
22-09-2010,1.56
21-09-2010,1.56
20-09-2010,1.56
17-09-2010,1.56
16-09-2010,1.56
15-09-2010,1.56
14-09-2010,1.56
13-09-2010,1.55
10-09-2010,1.54
09-09-2010,1.54
08-09-2010,1.55
07-09-2010,1.53
03-09-2010,1.55
02-09-2010,1.54
01-09-2010,1.55
31-08-2010,1.54
30-08-2010,1.55
27-08-2010,1.55
26-08-2010,1.56
25-08-2010,1.55
24-08-2010,1.55
23-08-2010,1.55
20-08-2010,1.55
19-08-2010,1.56
18-08-2010,1.56
17-08-2010,1.56
16-08-2010,1.57
13-08-2010,1.56
12-08-2010,1.56
11-08-2010,1.57
10-08-2010,1.58
09-08-2010,1.59
06-08-2010,1.6
05-08-2010,1.59
04-08-2010,1.59
03-08-2010,1.59
02-08-2010,1.59
30-07-2010,1.57
29-07-2010,1.56
28-07-2010,1.56
27-07-2010,1.55
26-07-2010,1.55
23-07-2010,1.54
22-07-2010,1.53
21-07-2010,1.52
20-07-2010,1.53
19-07-2010,1.52
16-07-2010,1.53
15-07-2010,1.54
14-07-2010,1.53
13-07-2010,1.52
12-07-2010,1.5
09-07-2010,1.51
08-07-2010,1.52
07-07-2010,1.52
06-07-2010,1.52
02-07-2010,1.52
01-07-2010,1.51
30-06-2010,1.49
29-06-2010,1.51
28-06-2010,1.51
25-06-2010,1.5
24-06-2010,1.5
23-06-2010,1.5
22-06-2010,1.49
21-06-2010,1.48
18-06-2010,1.48
17-06-2010,1.48
16-06-2010,1.48
15-06-2010,1.48
14-06-2010,1.48
11-06-2010,1.45
10-06-2010,1.47
09-06-2010,1.46
08-06-2010,1.44
07-06-2010,1.45
04-06-2010,1.45
03-06-2010,1.46
02-06-2010,1.46
01-06-2010,1.47
28-05-2010,1.45
27-05-2010,1.46
26-05-2010,1.44
25-05-2010,1.44
24-05-2010,1.44
21-05-2010,1.45
20-05-2010,1.43
19-05-2010,1.43
18-05-2010,1.44
17-05-2010,1.44
14-05-2010,1.46
13-05-2010,1.47
12-05-2010,1.49
11-05-2010,1.5
10-05-2010,1.5
07-05-2010,1.47
06-05-2010,1.49
05-05-2010,1.51
04-05-2010,1.51
03-05-2010,1.52
30-04-2010,1.53
29-04-2010,1.53
28-04-2010,1.52
27-04-2010,1.53
26-04-2010,1.55
23-04-2010,1.54
22-04-2010,1.54
21-04-2010,1.54
20-04-2010,1.54
19-04-2010,1.53
16-04-2010,1.54
15-04-2010,1.55
14-04-2010,1.55
13-04-2010,1.54
12-04-2010,1.54
09-04-2010,1.54
08-04-2010,1.53
07-04-2010,1.52
06-04-2010,1.52
05-04-2010,1.53
02-04-2010,1.52
01-04-2010,1.53
31-03-2010,1.52
30-03-2010,1.51
29-03-2010,1.5
26-03-2010,1.49
25-03-2010,1.49
24-03-2010,1.49
23-03-2010,1.51
22-03-2010,1.51
19-03-2010,1.5
18-03-2010,1.52
17-03-2010,1.53
16-03-2010,1.52
15-03-2010,1.5
12-03-2010,1.52
11-03-2010,1.51
10-03-2010,1.5
09-03-2010,1.5
08-03-2010,1.51
05-03-2010,1.51
04-03-2010,1.5
03-03-2010,1.51
02-03-2010,1.49
01-03-2010,1.5
26-02-2010,1.52
25-02-2010,1.52
24-02-2010,1.54
23-02-2010,1.55
22-02-2010,1.55
19-02-2010,1.54
18-02-2010,1.56
17-02-2010,1.57
16-02-2010,1.57
12-02-2010,1.57
11-02-2010,1.57
10-02-2010,1.56
09-02-2010,1.57
08-02-2010,1.57
05-02-2010,1.56
04-02-2010,1.58
03-02-2010,1.59
02-02-2010,1.6
01-02-2010,1.59
29-01-2010,1.6
28-01-2010,1.62
27-01-2010,1.62
26-01-2010,1.61
25-01-2010,1.62
22-01-2010,1.61
21-01-2010,1.62
20-01-2010,1.63
19-01-2010,1.64
15-01-2010,1.62
14-01-2010,1.63
13-01-2010,1.63
12-01-2010,1.62
11-01-2010,1.61
08-01-2010,1.6
07-01-2010,1.59
06-01-2010,1.6
05-01-2010,1.6
04-01-2010,1.61